sender_a,sender_b,b_a_only,c_b_only,n_discordant,diff_b_minus_c,p_value,p_adj_bh,significant_fdr05
0slot-de1,allenhark-quic-ams,6103,40,6143,6063,0.0,0.0,True
0slot-de1,allenhark-quic-fra,6103,331,6434,5772,0.0,0.0,True
0slot-de1,allenhark-quic-ny,6103,0,6103,6103,0.0,0.0,True
0slot-de1,allenhark-quic-tk,6103,0,6103,6103,0.0,0.0,True
0slot-de1,astralane-fra,6103,2550,8653,3553,0.0,0.0,True
0slot-de1,astralane-quic-fra,6103,2103,8206,4000,0.0,0.0,True
0slot-de1,blockrazor,6103,310,6413,5793,0.0,0.0,True
0slot-de1,bloxroute-fra,6103,212,6315,5891,0.0,0.0,True
0slot-de1,bloxroute-quic-fra,6103,187,6290,5916,0.0,0.0,True
0slot-de1,helius-dual,6103,1845,7948,4258,0.0,0.0,True
0slot-de1,helius-fra,6103,294,6397,5809,0.0,0.0,True
0slot-de1,jito-multi,6103,2,6105,6101,0.0,0.0,True
0slot-de1,nextblock-quic-fra,6103,1038,7141,5065,0.0,0.0,True
0slot-de1,nozomi-fra,6103,1068,7171,5035,0.0,0.0,True
0slot-de1,syncro-fra,6103,272,6375,5831,0.0,0.0,True
allenhark-quic-ams,astralane-fra,40,2550,2590,-2510,0.0,0.0,True
allenhark-quic-ams,triton-fra,40,3332,3372,-3292,0.0,0.0,True
allenhark-quic-ams,astralane-quic-fra,40,2103,2143,-2063,0.0,0.0,True
allenhark-quic-ams,helius-dual,40,1845,1885,-1805,0.0,0.0,True
allenhark-quic-ny,triton-fra,0,3332,3332,-3332,0.0,0.0,True
allenhark-quic-ny,astralane-fra,0,2550,2550,-2550,0.0,0.0,True
allenhark-quic-ny,astralane-quic-fra,0,2103,2103,-2103,0.0,0.0,True
allenhark-quic-fra,triton-fra,331,3332,3663,-3001,0.0,0.0,True
allenhark-quic-tk,helius-dual,0,1845,1845,-1845,0.0,0.0,True
allenhark-quic-ny,helius-dual,0,1845,1845,-1845,0.0,0.0,True
allenhark-quic-tk,astralane-quic-fra,0,2103,2103,-2103,0.0,0.0,True
allenhark-quic-tk,astralane-fra,0,2550,2550,-2550,0.0,0.0,True
allenhark-quic-fra,astralane-fra,331,2550,2881,-2219,0.0,0.0,True
astralane-fra,syncro-fra,2550,272,2822,2278,0.0,0.0,True
astralane-fra,bloxroute-quic-fra,2550,187,2737,2363,0.0,0.0,True
allenhark-quic-tk,triton-fra,0,3332,3332,-3332,0.0,0.0,True
astralane-fra,blockrazor,2550,310,2860,2240,0.0,0.0,True
blockrazor,triton-fra,310,3332,3642,-3022,0.0,0.0,True
bloxroute-fra,helius-dual,212,1845,2057,-1633,0.0,0.0,True
bloxroute-quic-fra,helius-dual,187,1845,2032,-1658,0.0,0.0,True
astralane-quic-fra,bloxroute-fra,2103,212,2315,1891,0.0,0.0,True
astralane-quic-fra,jito-multi,2103,2,2105,2101,0.0,0.0,True
astralane-quic-fra,syncro-fra,2103,272,2375,1831,0.0,0.0,True
astralane-quic-fra,bloxroute-quic-fra,2103,187,2290,1916,0.0,0.0,True
astralane-quic-fra,helius-fra,2103,294,2397,1809,0.0,0.0,True
astralane-quic-fra,blockrazor,2103,310,2413,1793,0.0,0.0,True
astralane-fra,bloxroute-fra,2550,212,2762,2338,0.0,0.0,True
astralane-fra,helius-fra,2550,294,2844,2256,0.0,0.0,True
astralane-fra,jito-multi,2550,2,2552,2548,0.0,0.0,True
helius-dual,jito-multi,1845,2,1847,1843,0.0,0.0,True
helius-fra,triton-fra,294,3332,3626,-3038,0.0,0.0,True
bloxroute-quic-fra,triton-fra,187,3332,3519,-3145,0.0,0.0,True
bloxroute-fra,triton-fra,212,3332,3544,-3120,0.0,0.0,True
syncro-fra,triton-fra,272,3332,3604,-3060,0.0,0.0,True
jito-multi,triton-fra,2,3332,3334,-3330,0.0,0.0,True
allenhark-quic-ny,nozomi-fra,0,1068,1068,-1068,6.3e-322,1.655e-321,True
allenhark-quic-tk,nozomi-fra,0,1068,1068,-1068,6.3e-322,1.655e-321,True
jito-multi,nozomi-fra,2,1068,1070,-1066,9.0589663e-317,2.32456493e-316,True
allenhark-quic-fra,astralane-quic-fra,331,2103,2434,-1772,2.2446583315e-314,5.6532135755e-314,True
allenhark-quic-ny,nextblock-quic-fra,0,1038,1038,-1038,6.7903865311e-313,1.649093871837e-312,True
allenhark-quic-tk,nextblock-quic-fra,0,1038,1038,-1038,6.7903865311e-313,1.649093871837e-312,True
jito-multi,nextblock-quic-fra,2,1038,1040,-1036,9.189447068488897e-308,2.1925698268675265e-307,True
helius-dual,syncro-fra,1845,272,2117,1573,1.2247989951846742e-286,2.871942471467512e-286,True
nextblock-quic-fra,triton-fra,1038,3332,4370,-2294,3.560758959134097e-277,8.207851160037918e-277,True
helius-dual,helius-fra,1845,294,2139,1551,5.436448319990995e-274,1.232261619197959e-273,True
nozomi-fra,triton-fra,1068,3332,4400,-2264,1.2832217719995755e-267,2.8609534588842993e-267,True
blockrazor,helius-dual,310,1845,2155,-1535,3.494993258961483e-265,7.66643682610906e-265,True
allenhark-quic-ams,nozomi-fra,40,1068,1108,-1028,2.171978332187925e-260,4.688715129802505e-260,True
allenhark-quic-fra,helius-dual,331,1845,2176,-1514,4.3812417046441735e-254,9.310138622368868e-254,True
allenhark-quic-ams,nextblock-quic-fra,40,1038,1078,-998,7.632784963860118e-252,1.5970134693615015e-251,True
0slot-de1,triton-fra,6103,3332,9435,2771,1.6801275811987818e-181,3.462081076409611e-181,True
bloxroute-quic-fra,nozomi-fra,187,1068,1255,-881,3.475337505279172e-150,7.054416428626379e-150,True
astralane-fra,nextblock-quic-fra,2550,1038,3588,1512,8.301398310734578e-145,1.6602796621469157e-144,True
bloxroute-quic-fra,nextblock-quic-fra,187,1038,1225,-851,2.789747848543443e-143,5.498633440607367e-143,True
astralane-fra,nozomi-fra,2550,1068,3618,1482,8.318192068915209e-138,1.6161058876749552e-137,True
bloxroute-fra,nozomi-fra,212,1068,1280,-856,1.2213183636938583e-137,2.3394267248220383e-137,True
bloxroute-fra,nextblock-quic-fra,212,1038,1250,-826,5.393452441469052e-131,1.0187632389441542e-130,True
nozomi-fra,syncro-fra,1068,272,1340,796,1.214690943236214e-111,2.262985866851029e-111,True
nextblock-quic-fra,syncro-fra,1038,272,1310,766,1.340074216590289e-105,2.4628391007605315e-105,True
helius-fra,nozomi-fra,294,1068,1362,-774,2.5003396889785623e-103,4.533949302681126e-103,True
allenhark-quic-fra,allenhark-quic-ny,331,0,331,331,4.5719495651291e-100,8.075131699448801e-100,True
allenhark-quic-fra,allenhark-quic-tk,331,0,331,331,4.5719495651291e-100,8.075131699448801e-100,True
blockrazor,nozomi-fra,310,1068,1378,-758,1.2296319682908544e-97,2.1439736883020028e-97,True
helius-fra,nextblock-quic-fra,294,1038,1332,-744,1.6852344915333856e-97,2.90116317529798e-97,True
helius-dual,triton-fra,1845,3332,5177,-1487,4.449506930050507e-96,7.564161781085862e-96,True
allenhark-quic-fra,jito-multi,331,2,333,329,6.356381480398988e-96,1.0672442979435337e-95,True
allenhark-quic-tk,blockrazor,0,310,310,-310,9.588073174409622e-94,1.5710577731562754e-93,True
allenhark-quic-ny,blockrazor,0,310,310,-310,9.588073174409622e-94,1.5710577731562754e-93,True
blockrazor,nextblock-quic-fra,310,1038,1348,-728,5.821094750685402e-92,9.424629596347794e-92,True
allenhark-quic-fra,nozomi-fra,331,1068,1399,-737,1.3866438955004341e-90,2.2186302328006945e-90,True
blockrazor,jito-multi,310,2,312,308,1.1704400625831186e-89,1.850928471061676e-89,True
allenhark-quic-ny,helius-fra,0,294,294,-294,6.28363963558109e-89,9.711079436807139e-89,True
allenhark-quic-tk,helius-fra,0,294,294,-294,6.28363963558109e-89,9.711079436807139e-89,True
allenhark-quic-fra,nextblock-quic-fra,331,1038,1369,-707,4.154855635300816e-85,6.348992880909112e-85,True
helius-fra,jito-multi,294,2,296,292,6.905248686530949e-85,1.0434598015202324e-84,True
allenhark-quic-ny,syncro-fra,0,272,272,-272,2.635549485807631e-82,3.8960296746721496e-82,True
allenhark-quic-tk,syncro-fra,0,272,272,-272,2.635549485807631e-82,3.8960296746721496e-82,True
astralane-quic-fra,nextblock-quic-fra,2103,1038,3141,1065,6.122716759468842e-82,8.953650314922177e-82,True
jito-multi,syncro-fra,2,272,274,-270,2.4824240606822075e-78,3.5915922580083002e-78,True
astralane-quic-fra,nozomi-fra,2103,1068,3171,1035,1.1638896305949967e-76,1.6661998922202058e-76,True
allenhark-quic-ny,bloxroute-fra,0,212,212,-212,3.0385816786431356e-64,4.260279466963571e-64,True
allenhark-quic-tk,bloxroute-fra,0,212,212,-212,3.0385816786431356e-64,4.260279466963571e-64,True
astralane-quic-fra,triton-fra,2103,3332,5435,-1229,8.057386983871745e-63,1.118167989598528e-62,True
bloxroute-fra,jito-multi,212,2,214,210,1.7476402524715994e-60,2.400798730668056e-60,True
allenhark-quic-ams,allenhark-quic-fra,40,331,371,-291,3.894240527267223e-58,5.296167117083423e-58,True
allenhark-quic-tk,bloxroute-quic-fra,0,187,187,-187,1.0195788231247695e-56,1.3594384308330259e-56,True
allenhark-quic-ny,bloxroute-quic-fra,0,187,187,-187,1.0195788231247695e-56,1.3594384308330259e-56,True
bloxroute-quic-fra,jito-multi,187,2,189,185,4.57688933700709e-53,6.043271357601595e-53,True
allenhark-quic-ams,blockrazor,40,310,350,-270,6.993027503838005e-53,9.1447282742497e-53,True
helius-dual,nextblock-quic-fra,1845,1038,2883,807,1.364419305148209e-51,1.7672478619062517e-51,True
allenhark-quic-ams,helius-fra,40,294,334,-254,6.3308151515717666e-49,8.12255528880906e-49,True
helius-dual,nozomi-fra,1845,1068,2913,777,2.0271982266416491e-47,2.576625783394993e-47,True
allenhark-quic-ams,syncro-fra,40,272,312,-232,1.472177289426236e-43,1.853852882981186e-43,True
allenhark-quic-ams,bloxroute-fra,40,212,252,-172,1.7986477458692335e-29,2.2441843434698693e-29,True
astralane-fra,helius-dual,2550,1845,4395,705,1.9010931078093132e-26,2.350442387836969e-26,True
astralane-fra,triton-fra,2550,3332,5882,-782,2.0195801200352518e-24,2.4744405074305788e-24,True
allenhark-quic-ams,bloxroute-quic-fra,40,187,227,-147,6.490912748427926e-24,7.881822623091053e-24,True
allenhark-quic-ams,allenhark-quic-ny,40,0,40,40,1.8189894035458565e-12,2.1700224463354076e-12,True
allenhark-quic-ams,allenhark-quic-tk,40,0,40,40,1.8189894035458565e-12,2.1700224463354076e-12,True
astralane-fra,astralane-quic-fra,2550,2103,4653,447,6.019297695495136e-11,7.118473796411639e-11,True
allenhark-quic-fra,bloxroute-quic-fra,331,187,518,144,2.5642692095984026e-10,3.006384590563645e-10,True
allenhark-quic-ams,jito-multi,40,2,42,38,4.1109160520136356e-10,4.778500710032944e-10,True
blockrazor,bloxroute-quic-fra,310,187,497,123,3.806406503076177e-08,4.387044783206441e-08,True
allenhark-quic-fra,bloxroute-fra,331,212,543,119,3.708347311411133e-07,4.238111213041295e-07,True
bloxroute-quic-fra,helius-fra,187,294,481,-107,1.2207250251561512e-06,1.383488361843638e-06,True
blockrazor,bloxroute-fra,310,212,522,98,2.0694751075189736e-05,2.326021608451078e-05,True
astralane-quic-fra,helius-dual,2103,1845,3948,258,4.2848073499908525e-05,4.7765065540881635e-05,True
bloxroute-quic-fra,syncro-fra,187,272,459,-85,8.454373807785439e-05,9.347925511047314e-05,True
bloxroute-fra,helius-fra,212,294,506,-82,0.0003085047578014491,0.0003383600569435248,True
bloxroute-fra,syncro-fra,212,272,484,-60,0.007259662788601096,0.007898513113997993,True
allenhark-quic-fra,syncro-fra,331,272,603,59,0.018106072649100694,0.019543062541886463,True
blockrazor,syncro-fra,310,272,582,38,0.12503056322396333,0.13389099683825995,False
allenhark-quic-fra,helius-fra,331,294,625,37,0.14980912128602555,0.15917219136640215,False
bloxroute-fra,bloxroute-quic-fra,212,187,399,25,0.22951330960394836,0.24196752020261222,False
helius-fra,syncro-fra,294,272,566,22,0.37741631545858,0.39483553001820676,False
allenhark-quic-fra,blockrazor,331,310,641,21,0.4295781907383784,0.44597430488869816,False
allenhark-quic-tk,jito-multi,0,2,2,-2,0.5,0.5112781954887218,False
allenhark-quic-ny,jito-multi,0,2,2,-2,0.5,0.5112781954887218,False
nextblock-quic-fra,nozomi-fra,1038,1068,2106,-30,0.5274425964921632,0.5353148740517477,False
blockrazor,helius-fra,310,294,604,16,0.5416708453374064,0.5456832219695353,False
allenhark-quic-ny,allenhark-quic-tk,0,0,0,0,1.0,1.0,False
