sender_a,sender_b,n_a,n_b,p50_a_ms,p50_b_ms,hl_shift_a_minus_b_ms,p50_diff_a_minus_b_ms,p50_diff_ci_lo,p50_diff_ci_hi,p90_diff_a_minus_b_ms,p90_diff_ci_lo,p90_diff_ci_hi,mw_u,mw_p,mw_p_fdr,significant_fdr
0slot-de1,allenhark-quic-ams,6102,40,139.20202899999998,60.963183,41.77737600000001,78.23884599999998,36.23157283749999,87.9003865,8.75361239999998,-168.29284040500002,104.29338519999996,165650.0,9.565608884077353e-05,0.00013601100132047485,True
0slot-de1,allenhark-quic-fra,6102,331,139.20202899999998,40.380459,72.155969,98.82156999999998,94.44509199999999,102.39081327500003,77.49830789999999,60.981009640000096,92.92299455249999,1632561.0,7.53019028534853e-80,5.271133199743971e-79,True
0slot-de1,astralane-fra,6102,2550,139.20202899999998,57.952623,57.594318,81.24940599999998,78.36453175000001,84.073536025,72.89526980000002,65.92120366500002,80.47543248250008,11765877.0,7.29180780255954e-310,3.31777255016459e-308,True
0slot-de1,astralane-quic-fra,6102,1764,139.20202899999998,61.009658,52.751864499999996,78.19237099999998,74.9898082875,81.26946600000001,68.71400319999998,60.11371605250004,77.61352429000003,7889461.0,8.8392442992581e-196,1.6087424624649744e-194,True
0slot-de1,blockrazor,6102,310,139.20202899999998,166.167412,1.0848510000000005,-26.96538300000003,-30.451760849999985,-22.538752674999998,52.26622499999999,40.22900513499981,59.83239758499992,952597.0,0.8309787640972132,0.8703999898118604,False
0slot-de1,bloxroute-fra,6102,212,139.20202899999998,113.66261549999999,27.782317999999997,25.539413499999995,-23.16809650000002,49.26101004999998,46.24763519999999,23.42164296250001,59.084068800000026,769836.0,2.4162963307224065e-06,3.6647161015956498e-06,True
0slot-de1,bloxroute-quic-fra,6102,159,139.20202899999998,165.528125,13.976408499999998,-26.326096000000007,-35.86545762499999,40.0285753,46.64619069999998,30.56386500000002,53.505539722500004,529977.0,0.04614897123080107,0.057528169616478046,False
0slot-de1,helius-dual,6102,1845,139.20202899999998,29.571341,87.6790625,109.63068799999998,106.79007525,112.205295,89.95383349999997,83.13122805250002,96.61674527250001,9685617.0,0.0,0.0,True
0slot-de1,helius-fra,6102,294,139.20202899999998,165.8274395,4.099697500000005,-26.625410500000015,-31.194637500000013,-22.130862399999994,40.630784300000045,18.14232507750003,53.17716056750006,919370.0,0.4693452376671168,0.5208587393622881,False
0slot-de1,nextblock-quic-fra,6102,898,139.20202899999998,30.8829895,85.43177350000002,108.31903949999997,105.08064037499999,111.309885625,98.8172236,93.00702571,103.78953184499998,4674832.0,1.080286332251566e-256,3.2768685411630834e-255,True
0slot-de1,nozomi-fra,6102,1067,139.20202899999998,73.383111,38.835357499999986,65.81891799999998,55.5198425625,72.854605225,34.45184710000001,25.159626260000124,50.862513445000154,4328853.0,2.2223975010293682e-66,1.189636309374544e-65,True
0slot-de1,syncro-fra,6102,272,139.20202899999998,40.4776115,80.6950765,98.72441749999999,94.29624757499998,103.997513175,83.10631679999995,52.150521284999996,138.02599538999988,1414232.0,3.243258309022615e-86,2.683059146555072e-85,True
0slot-de1,triton-fra,6102,3329,139.20202899999998,80.249031,39.07875,58.95299799999998,53.299141400000025,64.79050421250001,51.68484169999999,46.099988277500145,56.311940585000016,13613426.0,9.19252381799494e-165,1.3941994457292327e-163,True
allenhark-quic-ams,allenhark-quic-fra,40,331,60.963183,40.380459,21.567619,20.582724,10.716203,63.258982637499976,68.7446955,-22.570839199999966,250.015947,8928.0,0.00031604892125226066,0.00042926047513366743,True
allenhark-quic-ams,astralane-fra,40,2550,60.963183,57.952623,9.272393000000001,3.010559999999998,-6.409860175000001,45.140735824999986,64.14165740000004,-31.236148699999973,241.53881360000005,57742.0,0.1508528375136558,0.17376719257902123,False
allenhark-quic-ams,astralane-quic-fra,40,1764,60.963183,61.009658,6.0519505,-0.04647500000000093,-9.566521000000002,42.20716407499999,59.9603908,-34.97707959999996,237.74733009000002,38143.0,0.3795885354695915,0.4264513176263312,False
allenhark-quic-ams,blockrazor,40,310,60.963183,166.167412,-48.38538550000001,-105.20422900000001,-114.57716040000003,-61.65851400000001,43.51261260000001,-52.040863517500064,222.447356,4596.0,0.0077554700057869495,0.010082111007523034,True
allenhark-quic-ams,bloxroute-fra,40,212,60.963183,113.66261549999999,-7.8494530000000005,-52.699432499999986,-100.9524340875,3.96183409999999,37.49402280000001,-57.89473559999999,217.03949,4003.0,0.5759405076559365,0.6314528457432557,False
allenhark-quic-ams,bloxroute-quic-fra,40,159,60.963183,165.528125,-26.222762499999988,-104.56494199999999,-117.588712,-17.26199617500013,37.8925783,-58.28723219999998,214.47106040000003,2672.0,0.1190499134282952,0.1425466068680903,False
allenhark-quic-ams,helius-dual,40,1845,60.963183,29.571341,31.23675,31.391842,22.059923,73.40461934999998,81.2002211,-14.836163920000052,258.18539039999996,56821.0,4.941284173132566e-09,8.175579268273883e-09,True
allenhark-quic-ams,helius-fra,40,294,60.963183,165.8274395,-42.688529,-104.8642565,-114.60191506250001,-61.647114887500045,31.877171900000064,-64.23926054249995,211.06312549249995,4632.0,0.0294631107580725,0.03723809831923052,True
allenhark-quic-ams,nextblock-quic-fra,40,898,60.963183,30.8829895,31.208631999999998,30.0801935,20.608931824999996,72.4283486375,90.06361120000003,-5.909022199999953,266.72122148,26995.0,7.092126544188961e-08,1.0938703652901617e-07,True
allenhark-quic-ams,nozomi-fra,40,1067,60.963183,73.383111,-1.1245225000000012,-12.419927999999999,-25.834789,32.234823762499936,25.69823470000003,-68.34518444749985,205.31067232750016,21046.0,0.8824624075936284,0.9125463533070475,False
allenhark-quic-ams,syncro-fra,40,272,60.963183,40.4776115,23.2765215,20.4855715,10.891731725,64.54916903749996,74.35270439999996,-21.003089787499896,278.96371969999996,7762.0,1.313438386772898e-05,1.897188780894186e-05,True
allenhark-quic-ams,triton-fra,40,3329,60.963183,80.249031,-3.6581135000000025,-19.285848,-29.880693975000007,25.24984296249999,42.93122930000001,-52.88175191749997,219.592013,63478.0,0.6120298004000049,0.6630322837666719,False
allenhark-quic-fra,astralane-fra,331,2550,40.380459,57.952623,-13.072096500000004,-17.572164,-20.539719074999997,-13.902087750000002,-4.603038099999964,-20.865957060000007,12.760496600000039,321313.0,1.509984708131486e-12,2.9235874136162812e-12,True
allenhark-quic-fra,astralane-quic-fra,331,1764,40.380459,61.009658,-16.4503435,-20.629199,-23.960905637499998,-16.8013854625,-8.784304700000007,-26.027378167500068,8.726607799999982,212380.0,3.317618681620445e-15,7.363495122620987e-15,True
allenhark-quic-fra,blockrazor,331,310,40.380459,166.167412,-88.91884050000002,-125.78695300000001,-129.24434485,-120.64217994999998,-25.232082899999995,-44.168851329999995,-7.253297600000025,25734.0,9.926160525289246e-28,3.0739846962039834e-27,True
allenhark-quic-fra,bloxroute-fra,331,212,40.380459,113.66261549999999,-39.373673,-73.28215649999999,-121.13456745,-49.469548999999994,-31.250672699999996,-58.187072,-9.651258000000013,23890.0,3.451484726167336e-10,5.926134152475991e-10,True
allenhark-quic-fra,bloxroute-quic-fra,331,159,40.380459,165.528125,-57.038903,-125.14766599999999,-134.80084499999998,-58.773452125000006,-30.85211720000001,-54.88836899999998,-13.765515035000016,15053.0,1.6688692841049647e-14,3.4515251103079953e-14,True
allenhark-quic-fra,helius-dual,331,1845,40.380459,29.571341,9.503653,10.809118000000002,7.890156000000001,14.17282085,12.455525599999987,-3.9074958900000447,29.69650313999995,380452.0,9.657563438480169e-13,1.910517984568903e-12,True
allenhark-quic-fra,helius-fra,331,294,40.380459,165.8274395,-84.38491300000001,-125.4469805,-130.040983,-120.17564667500001,-36.86752359999994,-67.08564849999999,-15.915374949999983,27342.0,3.0795557077605004e-21,8.0068448401773e-21,True
allenhark-quic-fra,nextblock-quic-fra,331,898,40.380459,30.8829895,9.4651125,9.497469500000001,6.225824000000003,13.277106112499999,21.31891570000002,5.650316299999986,37.7188204,182467.0,8.670138130511977e-10,1.461078833104796e-09,True
allenhark-quic-fra,nozomi-fra,331,1067,40.380459,73.383111,-22.785891999999997,-33.002652,-43.070388,-25.641312000000006,-43.04646079999998,-60.45611459999998,-21.11387960000002,116189.0,4.834440766048679e-21,1.2220391936400828e-20,True
allenhark-quic-fra,syncro-fra,331,272,40.380459,40.4776115,0.5988289999999985,-0.09715249999999997,-4.544926212499999,5.628124462499997,5.608008899999959,-30.027149700000024,64.11557200000001,45705.0,0.7463711078399851,0.7990561272169252,False
allenhark-quic-fra,triton-fra,331,3329,40.380459,80.249031,-26.676396,-39.868572,-45.577771000000006,-33.3734089,-25.813466199999993,-41.56756317499998,-9.53764782000001,344438.0,1.9931076466438673e-29,6.717510957207108e-29,True
astralane-fra,astralane-quic-fra,2550,1764,57.952623,61.009658,-3.2490060000000014,-3.057034999999999,-5.488413037500001,-0.7886555499999959,-4.181266600000043,-14.409733732500015,5.837621047499906,2131547.0,0.003467972054305482,0.004573702274518824,True
astralane-fra,blockrazor,2550,310,57.952623,166.167412,-68.461903,-108.21478900000001,-111.09642099999999,-104.27807513750002,-20.62904480000003,-35.12089980750022,-11.729338812500004,234928.0,1.6492370601252158e-31,6.2533571863081094e-31,True
astralane-fra,bloxroute-fra,2550,212,57.952623,113.66261549999999,-27.096049000000008,-55.709992499999984,-103.79996705000002,-31.5748065,-26.647634600000032,-49.45144622500006,-12.997055107500048,219686.0,5.7173930615793475e-06,8.529225714815093e-06,True
astralane-fra,bloxroute-quic-fra,2550,159,57.952623,165.528125,-43.849282499999994,-107.57550199999999,-116.88062706249998,-41.194502,-26.249079100000046,-43.56360857000011,-18.36205359750002,140182.0,6.318261773513087e-11,1.1499236427793817e-10,True
astralane-fra,helius-dual,2550,1845,57.952623,29.571341,22.968483499999998,28.381282000000002,26.359753949999998,30.076941712500002,17.05856369999995,8.446284554999934,25.190912539999985,3414661.0,2.0799316158471375e-144,2.7039111006012784e-143,True
astralane-fra,helius-fra,2550,294,57.952623,165.8274395,-64.78526649999999,-107.8748165,-112.1922195,-103.76826463750001,-32.26448549999998,-56.112443567499916,-18.877339305000024,243937.0,9.28552714673693e-23,2.5605544556153355e-22,True
astralane-fra,nextblock-quic-fra,2550,898,57.952623,30.8829895,22.711804,27.069633500000002,24.345024500000005,29.304099375,25.921953799999983,18.168303144999975,32.56673514000001,1623577.5,1.1156930448003521e-77,7.252004791202289e-77,True
astralane-fra,nozomi-fra,2550,1067,57.952623,73.383111,-10.9183135,-15.430487999999997,-25.324857137500004,-8.764811200000002,-38.44342270000001,-48.97547627000006,-21.945304117500005,1160666.0,3.0709270535470034e-12,5.821965872349527e-12,True
astralane-fra,syncro-fra,2550,272,57.952623,40.4776115,14.396278500000003,17.4750115,13.662179975,22.157611675,10.211046999999922,-20.928349177500024,65.87033931249994,454349.0,3.781759243737566e-17,8.824104902054321e-17,True
astralane-fra,triton-fra,2550,3329,57.952623,80.249031,-13.994842499999999,-22.296408,-27.975196137500003,-16.830350212500004,-21.21042810000003,-29.093386877500063,-14.805629750000053,3452927.0,1.2642482008339208e-34,5.229390285267581e-34,True
astralane-quic-fra,blockrazor,1764,310,61.009658,166.167412,-60.659901000000005,-105.15775400000001,-108.24257278749998,-101.03109839999999,-16.447778199999988,-31.04129947500004,-5.833501012500083,170987.0,6.028367000974289e-26,1.7696174099634205e-25,True
astralane-quic-fra,bloxroute-fra,1764,212,61.009658,113.66261549999999,-22.3180675,-52.652957499999985,-100.4896618,-29.423946137500018,-22.46636799999999,-44.155253600000016,-7.726779779999997,157330.0,0.000158180824900646,0.0002214531548609044,True
astralane-quic-fra,bloxroute-quic-fra,1764,159,61.009658,165.528125,-39.20680449999999,-104.51846699999999,-113.9731986875,-38.17852022500002,-22.067812500000002,-39.943440700000195,-13.140697775,101458.0,7.344255668979045e-09,1.1725039752229704e-08,True
astralane-quic-fra,helius-dual,1764,1845,61.009658,29.571341,26.522697999999995,31.438317,29.197239662500003,33.55285085,21.239830299999994,11.465502424999986,30.900585184999983,2393771.0,1.639701223965339e-132,1.865160142260573e-131,True
astralane-quic-fra,helius-fra,1764,294,61.009658,165.8274395,-57.492283,-104.8177815,-109.04713882499999,-100.29122501249999,-28.083218899999935,-52.78659099999996,-13.539649249999991,175740.0,8.085062996209514e-19,1.936159822776489e-18,True
astralane-quic-fra,nextblock-quic-fra,1764,898,61.009658,30.8829895,26.113728999999996,30.1266685,27.364194375000004,32.74879777500001,30.103220400000026,20.866515415000002,38.475741157499996,1140485.0,4.2716991620510625e-77,2.5914974916443112e-76,True
astralane-quic-fra,nozomi-fra,1764,1067,61.009658,73.383111,-7.8633975000000085,-12.373452999999998,-22.391622475000002,-5.700419612500005,-34.26215609999997,-45.68964286749996,-16.816241389999995,845887.0,6.263263258869231e-06,9.192854138017743e-06,True
astralane-quic-fra,syncro-fra,1764,272,61.009658,40.4776115,17.839260499999998,20.5320465,16.527366937500005,25.496962512499994,14.392313599999966,-17.156423200000006,71.29700430000001,323315.0,2.411572136938016e-20,5.931163904361066e-20,True
astralane-quic-fra,triton-fra,1764,3329,61.009658,80.249031,-10.644222999999998,-19.239373,-24.8688059125,-13.505845275,-17.029161499999987,-26.230481315000006,-8.773580224999993,2539597.0,1.9729777035678557e-15,4.488524275616872e-15,True
blockrazor,bloxroute-fra,310,212,166.167412,113.66261549999999,12.155437000000006,52.504796500000026,3.7906106125000094,76.14471286249999,-6.018589800000001,-28.788643419999875,10.497712099999973,36873.0,0.01774671587845387,0.022745790773792986,True
blockrazor,bloxroute-quic-fra,310,159,166.167412,165.528125,1.173388499999998,0.6392870000000244,-9.967956262499989,66.68515300000001,-5.620034300000015,-23.200324799999976,7.114996799999972,24940.0,0.8321406496003501,0.8703999898118604,False
blockrazor,helius-dual,310,1845,166.167412,29.571341,115.56582900000001,136.59607100000002,132.74843437500002,139.1831325,37.68760849999998,28.900513475000032,51.15530106499997,463345.0,1.5074335793696453e-68,8.573528482664856e-68,True
blockrazor,helius-fra,310,294,166.167412,165.8274395,0.30061650000000384,0.339972500000016,-4.774623437499976,4.939990137500011,-11.635440699999947,-35.17220656499978,4.272873310000197,45753.0,0.9321520156365353,0.946343069297893,False
blockrazor,nextblock-quic-fra,310,898,166.167412,30.8829895,108.3595315,135.2844225,131.1164715,138.3177236,46.550998600000014,38.656403100000006,59.66514891249998,227895.0,5.702051638304635e-63,2.882703883809565e-62,True
blockrazor,nozomi-fra,310,1067,166.167412,73.383111,35.0582675,92.78430100000001,82.30973300000001,99.50644481249999,-17.814377899999982,-28.787794979999944,1.1017970524999814,207394.0,9.350252154389476e-12,1.7364754001009028e-11,True
blockrazor,syncro-fra,310,272,166.167412,40.4776115,110.2947885,125.68980050000002,120.36123615,130.79479622499997,30.840091799999954,-1.0663745375000417,87.36434413249998,64815.0,4.4137220479484244e-29,1.4344596655832379e-28,True
blockrazor,triton-fra,310,3329,166.167412,80.249031,43.239537999999996,85.91838100000001,79.68977349999999,91.738316,-0.5813832999999988,-8.268852175000077,12.017215057499932,653506.0,7.719908697396226e-15,1.633748119681527e-14,True
bloxroute-fra,bloxroute-quic-fra,212,159,113.66261549999999,165.528125,-8.677055499999994,-51.8655095,-76.954368,25.642173,0.3985554999999863,-21.232195999999988,21.620915367499975,15241.0,0.11469470645007808,0.13916291049276142,False
bloxroute-fra,helius-dual,212,1845,113.66261549999999,29.571341,55.723167499999995,84.09127449999998,60.126964962500004,131.5486469875,43.70619829999998,29.865031000000016,66.76310900999995,288695.0,5.889368992514479e-30,2.0612791473800678e-29,True
bloxroute-fra,helius-fra,212,294,113.66261549999999,165.8274395,-10.3019095,-52.16482400000001,-75.52885167499998,-3.966572075000033,-5.616850899999946,-33.576453014999935,19.66049602750003,28004.0,0.051536102088891235,0.06337547689309597,False
bloxroute-fra,nextblock-quic-fra,212,898,113.66261549999999,30.8829895,53.216156999999995,82.77962599999998,58.74821458749999,130.5082112125,52.569588400000015,39.32950517750001,75.36264565500001,140999.0,1.0134015481991155e-27,3.0739846962039834e-27,True
bloxroute-fra,nozomi-fra,212,1067,113.66261549999999,73.383111,7.406897999999995,40.27950449999999,14.276665924999996,88.5329145,-11.795788099999982,-27.036733792499977,13.989402407500055,120373.0,0.138838633580108,0.16406575002283388,False
bloxroute-fra,syncro-fra,212,272,113.66261549999999,40.4776115,49.508396000000005,73.18500399999999,48.9664818625,121.448598275,36.858681599999954,2.547370972499965,96.57950529499995,38581.0,1.7067003106236437e-10,2.9867255435913765e-10,True
bloxroute-fra,triton-fra,212,3329,113.66261549999999,80.249031,8.024083499999996,33.413584499999985,9.045703075000006,81.65204297499997,5.437206500000002,-8.055274322500006,28.27131616750004,374141.0,0.14062778573385762,0.16406575002283388,False
bloxroute-quic-fra,helius-dual,159,1845,165.528125,29.571341,72.787882,135.956784,69.286945225,145.243753,43.307642799999996,35.76154575000003,59.856482549999946,228885.0,7.754404224838645e-32,3.068046888957899e-31,True
bloxroute-quic-fra,helius-fra,159,294,165.528125,165.8274395,-0.3916955000000115,-0.29931450000000837,-66.660983,10.061441000000002,-6.015406399999932,-28.61225159999998,14.747029657500065,23283.0,0.946343069297893,0.946343069297893,False
bloxroute-quic-fra,nextblock-quic-fra,159,898,165.528125,30.8829895,69.566644,134.64513549999998,68.166537975,144.2010355,52.17103290000003,45.14212960250001,67.94106202249995,111962.0,2.807902622412698e-30,1.0220765545582221e-29,True
bloxroute-quic-fra,nozomi-fra,159,1067,165.528125,73.383111,22.338724999999982,92.14501399999999,25.062140600000014,103.44521499999999,-12.194343599999968,-21.891092539999995,10.245003600000047,99788.0,0.00032802627085846796,0.00043897633306059684,True
bloxroute-quic-fra,syncro-fra,159,272,165.528125,40.4776115,67.11665400000001,125.0505135,59.1650652375,135.9296904875,36.46012609999997,5.933828155000119,95.64533800000007,31404.0,4.592859456055591e-15,9.951195488120446e-15,True
bloxroute-quic-fra,triton-fra,159,3329,165.528125,80.249031,24.737506000000003,85.27909399999999,19.023871,96.290655225,5.038651000000016,-1.8220303099999766,20.42931396999995,310504.0,0.00021922035160912954,0.0003022583635822847,True
helius-dual,helius-fra,1845,294,29.571341,165.8274395,-105.85046700000001,-136.2560985,-140.2932567125,-132.03564992499997,-49.32304919999993,-72.26847449999991,-35.85379868999995,119612.0,1.3158578916192246e-53,6.302266744071022e-53,True
helius-dual,nextblock-quic-fra,1845,898,29.571341,30.8829895,-0.06365949999999998,-1.3116485000000004,-3.5922947499999993,0.8896992124999977,8.863390100000032,1.5683896249999898,15.187811904999982,826876.0,0.9374076091396487,0.946343069297893,False
helius-dual,nozomi-fra,1845,1067,29.571341,73.383111,-33.482186999999996,-43.811769999999996,-53.762721,-37.110980000000005,-55.501986399999964,-65.59305220499994,-38.99496787999995,469203.0,9.186002059547915e-123,8.359261874188602e-122,True
helius-dual,syncro-fra,1845,272,29.571341,40.4776115,-8.815557999999998,-10.906270500000002,-14.552896812499998,-6.269350949999997,-6.847516700000028,-38.123375734999975,49.68005573499998,183757.0,9.58908150939323e-13,1.910517984568903e-12,True
helius-dual,triton-fra,1845,3329,29.571341,80.249031,-37.214572999999994,-50.67769,-56.165686099999995,-45.257840824999995,-38.26899179999998,-45.32831249499998,-32.435568639999985,1386613.0,6.19301001086149e-235,1.4089097774709887e-233,True
helius-fra,nextblock-quic-fra,294,898,165.8274395,30.8829895,100.4630985,134.94445,130.5054141625,139.25509855,58.18643929999996,45.381258014999986,80.26262066749996,208137.0,5.997294283435775e-50,2.7287688989632777e-49,True
helius-fra,nozomi-fra,294,1067,165.8274395,73.383111,32.36397400000001,92.4443285,81.957945375,99.81869400000002,-6.1789372000000355,-20.956473019999965,23.02616766249999,190072.0,2.5807289229925042e-08,4.049074689522722e-08,True
helius-fra,syncro-fra,294,272,165.8274395,40.4776115,102.87430700000002,125.349828,119.99503923750002,131.1710332375,42.4755324999999,8.977033199999994,105.8286521925,58695.0,6.236138344732364e-22,1.6690840863842502e-21,True
helius-fra,triton-fra,294,3329,165.8274395,80.249031,40.179203,85.5784085,78.95217092499999,91.8139912875,11.054057399999948,-1.6444516425000186,33.02645682249993,599885.0,1.2883051487249766e-10,2.298740559489664e-10,True
nextblock-quic-fra,nozomi-fra,898,1067,30.8829895,73.383111,-32.93454150000001,-42.5001215,-52.409940475,-35.6918166875,-64.3653765,-73.160473545,-47.21641508249999,238748.0,5.229631961787368e-82,3.965804237688754e-81,True
nextblock-quic-fra,syncro-fra,898,272,30.8829895,40.4776115,-8.641792500000001,-9.594622000000001,-13.656785412499998,-4.592636187499994,-15.71090680000006,-46.41108930750001,39.703090200000005,93750.0,6.154313207541145e-09,1.000075896225436e-08,True
nextblock-quic-fra,triton-fra,898,3329,30.8829895,80.249031,-36.973657,-49.3660415,-54.77874175000001,-43.722041600000004,-47.13238190000001,-52.205178562499995,-42.087461885,714853.0,1.360073796633279e-127,1.3751857277069823e-126,True
nozomi-fra,syncro-fra,1067,272,73.383111,40.4776115,25.474087499999996,32.9054995,25.682341475,43.7946399875,48.654469699999936,14.99891328249999,105.375767825,204416.0,2.0691020326196726e-25,5.884008905262193e-25,True
nozomi-fra,triton-fra,1067,3329,73.383111,80.249031,-1.9589510000000132,-6.865920000000003,-14.716288950000003,4.343564249999997,17.232994599999984,0.6548661049997077,26.153540649999826,1736248.0,0.2702630716300696,0.30742424397920415,False
syncro-fra,triton-fra,272,3329,40.4776115,80.249031,-29.136094,-39.7714195,-46.5733593875,-33.283877325000006,-31.421475099999952,-88.57834295500002,-1.1934446799999807,247503.0,1.4130265265067706e-35,6.123114948196006e-35,True
