sender_name,sv_country,landed,n_conditional,land_rate,wilson_lo,wilson_hi,gate
0slot-de1,Singapore,469,1078,0.43506493506493504,0.4057524268332456,0.4648385928965652,inferential
0slot-de1,United States,1620,4420,0.3665158371040724,0.35243211825904597,0.3808313788657891,inferential
0slot-de1,Lithuania,307,1056,0.29071969696969696,0.2641292788455756,0.31882721306990225,inferential
0slot-de1,Germany,1284,5455,0.23538038496791935,0.22431109207376443,0.24682211049708008,inferential
0slot-de1,Switzerland,43,108,0.39814814814814814,0.3108568119463669,0.4924361687427466,inferential
0slot-de1,Canada,523,896,0.5837053571428571,0.5511381383510092,0.6155578929660914,inferential
0slot-de1,Netherlands,1055,4392,0.24020947176684881,0.22780545485821882,0.2530675426378715,inferential
0slot-de1,United Kingdom,115,1802,0.06381798002219756,0.05343419389079312,0.07605749414111444,inferential
0slot-de1,France,98,231,0.42424242424242425,0.3622592343502532,0.4887040488120986,inferential
0slot-de1,Japan,286,1393,0.20531227566403445,0.18492455255837748,0.22732084235340977,inferential
0slot-de1,Hong Kong S.A.R.,68,187,0.36363636363636365,0.29807678302060836,0.4346856873820244,inferential
0slot-de1,Bulgaria,3,16,0.1875,0.06591599071428139,0.43008880961974144,indicative
0slot-de1,Brazil,46,196,0.23469387755102042,0.18081391741372355,0.29877354850188004,inferential
0slot-de1,Ireland,64,385,0.16623376623376623,0.13238093531626538,0.20668131185396238,inferential
0slot-de1,Sweden,14,304,0.046052631578947366,0.02762789000265575,0.0758067121548157,inferential
0slot-de1,Russia,8,16,0.5,0.2799956361032601,0.7200043638967399,indicative
0slot-de1,Czechia,17,56,0.30357142857142855,0.19900325085369447,0.43335865285724834,inferential
0slot-de1,Slovakia,11,36,0.3055555555555556,0.18004451594829915,0.4685627285051034,inferential
0slot-de1,United Arab Emirates,26,42,0.6190476190476191,0.4681404026715268,0.7500027423604485,inferential
0slot-de1,Albania,7,16,0.4375,0.23098652405492354,0.6682144360118811,indicative
0slot-de1,Mexico,7,28,0.25,0.12676494919293316,0.43355670318998973,inferential
0slot-de1,Norway,1,8,0.125,0.022417491450056642,0.47088818221285356,indicative
0slot-de1,Chile,1,12,0.08333333333333333,0.014865094404917095,0.35387991114111705,indicative
0slot-de1,Poland,9,40,0.225,0.1231609132354074,0.37503096742310027,inferential
0slot-de1,Spain,5,8,0.625,0.3057423946026273,0.8631557141764027,indicative
0slot-de1,Romania,9,16,0.5625,0.331785563988119,0.7690134759450765,indicative
0slot-de1,South Africa,0,4,0.0,0.0,0.4898908364545974,suppressed
0slot-de1,Latvia,2,4,0.5,0.15003898915214947,0.8499610108478506,suppressed
0slot-de1,Argentina,1,12,0.08333333333333333,0.014865094404917095,0.35387991114111705,indicative
0slot-de1,Australia,1,4,0.25,0.0455872608097006,0.6993581574175982,suppressed
0slot-de1,South Korea,0,8,0.0,0.0,0.32440756488388034,indicative
0slot-de1,Finland,0,4,0.0,0.0,0.4898908364545974,suppressed
allenhark-quic-ams,Singapore,4,1014,0.0039447731755424065,0.0015350822457797213,0.010098810948563186,inferential
allenhark-quic-ams,United States,10,4062,0.002461841457410143,0.0013377987166964926,0.004526044982612283,inferential
allenhark-quic-ams,Lithuania,2,936,0.002136752136752137,0.0005861702129703991,0.007757214458028823,inferential
allenhark-quic-ams,Germany,9,4996,0.001801441152922338,0.0009480521726947502,0.003420378106661716,inferential
allenhark-quic-ams,Switzerland,1,100,0.01,0.001767432064140647,0.05448619617870533,inferential
allenhark-quic-ams,Canada,0,820,0.0,0.0,0.004662861743075017,inferential
allenhark-quic-ams,Netherlands,7,4062,0.0017232890201870998,0.0008350191230669737,0.0035531152893036157,inferential
allenhark-quic-ams,United Kingdom,0,1634,0.0,0.0,0.0023454399691775533,inferential
allenhark-quic-ams,France,2,227,0.00881057268722467,0.0024195114654739242,0.031549511520059074,inferential
allenhark-quic-ams,Japan,3,1250,0.0024,0.0008165449300510433,0.007032500698054563,inferential
allenhark-quic-ams,Hong Kong S.A.R.,0,183,0.0,0.0,0.02055999158292087,inferential
allenhark-quic-ams,Bulgaria,0,12,0.0,0.0,0.24249400665524096,indicative
allenhark-quic-ams,Brazil,0,180,0.0,0.0,0.02089549792161306,inferential
allenhark-quic-ams,Ireland,0,333,0.0,0.0,0.011404352760326317,inferential
allenhark-quic-ams,Sweden,1,272,0.003676470588235294,0.00064928240310946,0.020527587983481935,inferential
allenhark-quic-ams,Russia,0,12,0.0,0.0,0.24249400665524096,indicative
allenhark-quic-ams,Czechia,0,52,0.0,0.0,0.06879223612386236,inferential
allenhark-quic-ams,Slovakia,0,36,0.0,6.938893903907228e-18,0.0964186285944637,inferential
allenhark-quic-ams,United Arab Emirates,1,42,0.023809523809523808,0.004215404134432506,0.12321201573766649,inferential
allenhark-quic-ams,Albania,0,12,0.0,0.0,0.24249400665524096,indicative
allenhark-quic-ams,Mexico,0,28,0.0,1.3877787807814457e-17,0.12064330476584569,inferential
allenhark-quic-ams,Norway,0,8,0.0,0.0,0.32440756488388034,indicative
allenhark-quic-ams,Chile,0,12,0.0,0.0,0.24249400665524096,indicative
allenhark-quic-ams,Poland,0,32,0.0,0.0,0.10717919825507066,inferential
allenhark-quic-ams,Spain,0,4,0.0,0.0,0.4898908364545974,suppressed
allenhark-quic-ams,Romania,0,16,0.0,0.0,0.19360768053443655,indicative
allenhark-quic-ams,South Africa,0,4,0.0,0.0,0.4898908364545974,suppressed
allenhark-quic-ams,Latvia,0,4,0.0,0.0,0.4898908364545974,suppressed
allenhark-quic-ams,Argentina,0,8,0.0,0.0,0.32440756488388034,indicative
allenhark-quic-ams,Australia,0,4,0.0,0.0,0.4898908364545974,suppressed
allenhark-quic-ams,South Korea,0,4,0.0,0.0,0.4898908364545974,suppressed
allenhark-quic-ams,Finland,0,4,0.0,0.0,0.4898908364545974,suppressed
allenhark-quic-fra,Singapore,8,1078,0.0074211502782931356,0.0037651244850216157,0.014575325179685385,inferential
allenhark-quic-fra,United States,53,4420,0.011990950226244345,0.009179423769546011,0.015650005549554327,inferential
allenhark-quic-fra,Lithuania,4,1056,0.003787878787878788,0.0014739881784892718,0.009698870480833552,inferential
allenhark-quic-fra,Germany,68,5455,0.012465627864344637,0.009845507469264228,0.015771917010930316,inferential
allenhark-quic-fra,Switzerland,0,108,0.0,0.0,0.034347359746557046,inferential
allenhark-quic-fra,Canada,6,896,0.006696428571428571,0.003072541035870081,0.01453218106868318,inferential
allenhark-quic-fra,Netherlands,44,4392,0.010018214936247723,0.007471439894977569,0.013421365198437498,inferential
allenhark-quic-fra,United Kingdom,118,1802,0.06548279689234185,0.05496026743106386,0.0778539714098822,inferential
allenhark-quic-fra,France,9,231,0.03896103896103896,0.02063064616577661,0.07237447707939318,inferential
allenhark-quic-fra,Japan,5,1393,0.003589375448671931,0.001534111479207545,0.008375000777798345,inferential
allenhark-quic-fra,Hong Kong S.A.R.,2,187,0.0106951871657754,0.0029379229203115136,0.03815094146560581,inferential
allenhark-quic-fra,Bulgaria,0,16,0.0,0.0,0.19360768053443655,indicative
allenhark-quic-fra,Brazil,5,196,0.025510204081632654,0.010944563377567624,0.05831763527918481,inferential
allenhark-quic-fra,Ireland,0,385,0.0,0.0,0.009879241869796433,inferential
allenhark-quic-fra,Sweden,4,304,0.013157894736842105,0.005128425527647064,0.03333766953978609,inferential
allenhark-quic-fra,Russia,0,16,0.0,0.0,0.19360768053443655,indicative
allenhark-quic-fra,Czechia,0,56,0.0,6.938893903907228e-18,0.06419393671876344,inferential
allenhark-quic-fra,Slovakia,0,36,0.0,6.938893903907228e-18,0.0964186285944637,inferential
allenhark-quic-fra,United Arab Emirates,0,42,0.0,0.0,0.08379879086570395,inferential
allenhark-quic-fra,Albania,0,16,0.0,0.0,0.19360768053443655,indicative
allenhark-quic-fra,Mexico,1,28,0.03571428571428571,0.0063325198490377654,0.17712197743353322,inferential
allenhark-quic-fra,Norway,0,8,0.0,0.0,0.32440756488388034,indicative
allenhark-quic-fra,Chile,0,12,0.0,0.0,0.24249400665524096,indicative
allenhark-quic-fra,Poland,0,40,0.0,0.0,0.08762160119728668,inferential
allenhark-quic-fra,Spain,0,8,0.0,0.0,0.32440756488388034,indicative
allenhark-quic-fra,Romania,0,16,0.0,0.0,0.19360768053443655,indicative
allenhark-quic-fra,South Africa,1,4,0.25,0.0455872608097006,0.6993581574175982,suppressed
allenhark-quic-fra,Latvia,0,4,0.0,0.0,0.4898908364545974,suppressed
allenhark-quic-fra,Argentina,0,12,0.0,0.0,0.24249400665524096,indicative
allenhark-quic-fra,Australia,0,4,0.0,0.0,0.4898908364545974,suppressed
allenhark-quic-fra,South Korea,0,8,0.0,0.0,0.32440756488388034,indicative
allenhark-quic-fra,Finland,0,4,0.0,0.0,0.4898908364545974,suppressed
allenhark-quic-ny,Singapore,0,1078,0.0,0.0,0.0035508519195425066,inferential
allenhark-quic-ny,United States,0,4420,0.0,5.421010862427522e-20,0.0008683536370939888,inferential
allenhark-quic-ny,Lithuania,0,1056,0.0,0.0,0.0036245598704626935,inferential
allenhark-quic-ny,Germany,0,5455,0.0,0.0,0.0007037132053884599,inferential
allenhark-quic-ny,Switzerland,0,108,0.0,0.0,0.034347359746557046,inferential
allenhark-quic-ny,Canada,0,896,0.0,4.336808689942018e-19,0.0042690395991852054,inferential
allenhark-quic-ny,Netherlands,0,4392,0.0,0.0,0.0008738847514588718,inferential
allenhark-quic-ny,United Kingdom,0,1802,0.0,0.0,0.0021272403520975723,inferential
allenhark-quic-ny,France,0,231,0.0,0.0,0.016357668871522183,inferential
allenhark-quic-ny,Japan,0,1393,0.0,0.0,0.002750103668842519,inferential
allenhark-quic-ny,Hong Kong S.A.R.,0,187,0.0,1.734723475976807e-18,0.02012905814298656,inferential
allenhark-quic-ny,Bulgaria,0,16,0.0,0.0,0.19360768053443655,indicative
allenhark-quic-ny,Brazil,0,196,0.0,0.0,0.019222531917868154,inferential
allenhark-quic-ny,Ireland,0,385,0.0,0.0,0.009879241869796433,inferential
allenhark-quic-ny,Sweden,0,304,0.0,8.673617379884035e-19,0.012478692231417829,inferential
allenhark-quic-ny,Russia,0,16,0.0,0.0,0.19360768053443655,indicative
allenhark-quic-ny,Czechia,0,56,0.0,6.938893903907228e-18,0.06419393671876344,inferential
allenhark-quic-ny,Slovakia,0,36,0.0,6.938893903907228e-18,0.0964186285944637,inferential
allenhark-quic-ny,United Arab Emirates,0,42,0.0,0.0,0.08379879086570395,inferential
allenhark-quic-ny,Albania,0,16,0.0,0.0,0.19360768053443655,indicative
allenhark-quic-ny,Mexico,0,28,0.0,1.3877787807814457e-17,0.12064330476584569,inferential
allenhark-quic-ny,Norway,0,8,0.0,0.0,0.32440756488388034,indicative
allenhark-quic-ny,Chile,0,12,0.0,0.0,0.24249400665524096,indicative
allenhark-quic-ny,Poland,0,40,0.0,0.0,0.08762160119728668,inferential
allenhark-quic-ny,Spain,0,8,0.0,0.0,0.32440756488388034,indicative
allenhark-quic-ny,Romania,0,16,0.0,0.0,0.19360768053443655,indicative
allenhark-quic-ny,South Africa,0,4,0.0,0.0,0.4898908364545974,suppressed
allenhark-quic-ny,Latvia,0,4,0.0,0.0,0.4898908364545974,suppressed
allenhark-quic-ny,Argentina,0,12,0.0,0.0,0.24249400665524096,indicative
allenhark-quic-ny,Australia,0,4,0.0,0.0,0.4898908364545974,suppressed
allenhark-quic-ny,South Korea,0,8,0.0,0.0,0.32440756488388034,indicative
allenhark-quic-ny,Finland,0,4,0.0,0.0,0.4898908364545974,suppressed
allenhark-quic-tk,Singapore,0,1078,0.0,0.0,0.0035508519195425066,inferential
allenhark-quic-tk,United States,0,4420,0.0,5.421010862427522e-20,0.0008683536370939888,inferential
allenhark-quic-tk,Lithuania,0,1056,0.0,0.0,0.0036245598704626935,inferential
allenhark-quic-tk,Germany,0,5455,0.0,0.0,0.0007037132053884599,inferential
allenhark-quic-tk,Switzerland,0,108,0.0,0.0,0.034347359746557046,inferential
allenhark-quic-tk,Canada,0,896,0.0,4.336808689942018e-19,0.0042690395991852054,inferential
allenhark-quic-tk,Netherlands,0,4392,0.0,0.0,0.0008738847514588718,inferential
allenhark-quic-tk,United Kingdom,0,1802,0.0,0.0,0.0021272403520975723,inferential
allenhark-quic-tk,France,0,231,0.0,0.0,0.016357668871522183,inferential
allenhark-quic-tk,Japan,0,1393,0.0,0.0,0.002750103668842519,inferential
allenhark-quic-tk,Hong Kong S.A.R.,0,187,0.0,1.734723475976807e-18,0.02012905814298656,inferential
allenhark-quic-tk,Bulgaria,0,16,0.0,0.0,0.19360768053443655,indicative
allenhark-quic-tk,Brazil,0,196,0.0,0.0,0.019222531917868154,inferential
allenhark-quic-tk,Ireland,0,385,0.0,0.0,0.009879241869796433,inferential
allenhark-quic-tk,Sweden,0,304,0.0,8.673617379884035e-19,0.012478692231417829,inferential
allenhark-quic-tk,Russia,0,16,0.0,0.0,0.19360768053443655,indicative
allenhark-quic-tk,Czechia,0,56,0.0,6.938893903907228e-18,0.06419393671876344,inferential
allenhark-quic-tk,Slovakia,0,36,0.0,6.938893903907228e-18,0.0964186285944637,inferential
allenhark-quic-tk,United Arab Emirates,0,42,0.0,0.0,0.08379879086570395,inferential
allenhark-quic-tk,Albania,0,16,0.0,0.0,0.19360768053443655,indicative
allenhark-quic-tk,Mexico,0,28,0.0,1.3877787807814457e-17,0.12064330476584569,inferential
allenhark-quic-tk,Norway,0,8,0.0,0.0,0.32440756488388034,indicative
allenhark-quic-tk,Chile,0,12,0.0,0.0,0.24249400665524096,indicative
allenhark-quic-tk,Poland,0,40,0.0,0.0,0.08762160119728668,inferential
allenhark-quic-tk,Spain,0,8,0.0,0.0,0.32440756488388034,indicative
allenhark-quic-tk,Romania,0,16,0.0,0.0,0.19360768053443655,indicative
allenhark-quic-tk,South Africa,0,4,0.0,0.0,0.4898908364545974,suppressed
allenhark-quic-tk,Latvia,0,4,0.0,0.0,0.4898908364545974,suppressed
allenhark-quic-tk,Argentina,0,12,0.0,0.0,0.24249400665524096,indicative
allenhark-quic-tk,Australia,0,4,0.0,0.0,0.4898908364545974,suppressed
allenhark-quic-tk,South Korea,0,8,0.0,0.0,0.32440756488388034,indicative
allenhark-quic-tk,Finland,0,4,0.0,0.0,0.4898908364545974,suppressed
astralane-fra,Singapore,54,1078,0.05009276437847866,0.03859398040248926,0.06478665629691356,inferential
astralane-fra,United States,360,4420,0.08144796380090498,0.07374312685348451,0.08987970311421863,inferential
astralane-fra,Lithuania,106,1056,0.10037878787878787,0.0836776871000558,0.11997679067520037,inferential
astralane-fra,Germany,855,5454,0.15676567656765678,0.1473584565655919,0.1666560621322475,inferential
astralane-fra,Switzerland,2,108,0.018518518518518517,0.005093224344768717,0.06501904800376769,inferential
astralane-fra,Canada,80,896,0.08928571428571429,0.07232527857610084,0.10975286109465844,inferential
astralane-fra,Netherlands,503,4391,0.1145524937371897,0.10546751757426268,0.12431129658384205,inferential
astralane-fra,United Kingdom,268,1802,0.14872364039955605,0.13304294168257957,0.1658988376102925,inferential
astralane-fra,France,12,231,0.05194805194805195,0.029962947643020828,0.0885913270600315,inferential
astralane-fra,Japan,29,1392,0.020833333333333332,0.014544186089410991,0.029759884713115664,inferential
astralane-fra,Hong Kong S.A.R.,21,187,0.11229946524064172,0.07463336079529975,0.16557366289845987,inferential
astralane-fra,Bulgaria,0,16,0.0,0.0,0.19360768053443655,indicative
astralane-fra,Brazil,23,196,0.11734693877551021,0.07947961321580001,0.16992538570093585,inferential
astralane-fra,Ireland,71,385,0.18441558441558442,0.14886004376865045,0.226206594606312,inferential
astralane-fra,Sweden,96,304,0.3157894736842105,0.2661121166018698,0.37006424369391583,inferential
astralane-fra,Russia,2,16,0.125,0.03497748774324044,0.36022827265758695,indicative
astralane-fra,Czechia,3,56,0.05357142857142857,0.018385781382109112,0.1460730906882154,inferential
astralane-fra,Slovakia,1,36,0.027777777777777776,0.00492040713981047,0.1416971865327386,inferential
astralane-fra,United Arab Emirates,2,42,0.047619047619047616,0.013157524908905607,0.15789852396958842,inferential
astralane-fra,Albania,0,16,0.0,0.0,0.19360768053443655,indicative
astralane-fra,Mexico,0,28,0.0,1.3877787807814457e-17,0.12064330476584569,inferential
astralane-fra,Norway,0,8,0.0,0.0,0.32440756488388034,indicative
astralane-fra,Chile,6,12,0.5,0.253781597633706,0.746218402366294,indicative
astralane-fra,Poland,3,40,0.075,0.025836025774588184,0.1986423352431055,inferential
astralane-fra,Spain,0,8,0.0,0.0,0.32440756488388034,indicative
astralane-fra,Romania,2,16,0.125,0.03497748774324044,0.36022827265758695,indicative
astralane-fra,South Africa,0,4,0.0,0.0,0.4898908364545974,suppressed
astralane-fra,Latvia,0,4,0.0,0.0,0.4898908364545974,suppressed
astralane-fra,Argentina,5,12,0.4166666666666667,0.1932603136587565,0.6804886874504502,indicative
astralane-fra,Australia,0,4,0.0,0.0,0.4898908364545974,suppressed
astralane-fra,South Korea,0,8,0.0,0.0,0.32440756488388034,indicative
astralane-fra,Finland,1,4,0.25,0.0455872608097006,0.6993581574175982,suppressed
astralane-quic-fra,Singapore,59,1078,0.05473098330241188,0.0426663746610149,0.06995776062911574,inferential
astralane-quic-fra,United States,311,4420,0.07036199095022624,0.06318926030018235,0.07828087705585454,inferential
astralane-quic-fra,Lithuania,96,1056,0.09090909090909091,0.07502094076545271,0.10976279003765316,inferential
astralane-quic-fra,Germany,665,5455,0.12190650779101742,0.11348926029960332,0.13085589404910933,inferential
astralane-quic-fra,Switzerland,4,108,0.037037037037037035,0.01449554133990276,0.09138164361061302,inferential
astralane-quic-fra,Canada,64,896,0.07142857142857142,0.05633190863747181,0.09018441101897265,inferential
astralane-quic-fra,Netherlands,404,4392,0.09198542805100182,0.0837911040136904,0.1008928675139117,inferential
astralane-quic-fra,United Kingdom,220,1802,0.1220865704772475,0.10776940651491974,0.138011559833336,inferential
astralane-quic-fra,France,15,231,0.06493506493506493,0.03974289330247996,0.1043605328584549,inferential
astralane-quic-fra,Japan,28,1393,0.020100502512562814,0.013943034243391942,0.028897517519165448,inferential
astralane-quic-fra,Hong Kong S.A.R.,20,187,0.10695187165775401,0.07030814596552004,0.1594189746067742,inferential
astralane-quic-fra,Bulgaria,0,16,0.0,0.0,0.19360768053443655,indicative
astralane-quic-fra,Brazil,19,196,0.09693877551020408,0.0629397593461776,0.1464335061794508,inferential
astralane-quic-fra,Ireland,46,385,0.11948051948051948,0.090782455893715,0.15569707103576644,inferential
astralane-quic-fra,Sweden,95,304,0.3125,0.2630088423319372,0.36667066725484454,inferential
astralane-quic-fra,Russia,1,16,0.0625,0.011119344764642547,0.28328737570298945,indicative
astralane-quic-fra,Czechia,1,56,0.017857142857142856,0.0031592103419746734,0.09445637149397579,inferential
astralane-quic-fra,Slovakia,1,36,0.027777777777777776,0.00492040713981047,0.1416971865327386,inferential
astralane-quic-fra,United Arab Emirates,4,42,0.09523809523809523,0.037662248805573895,0.22065105808571028,inferential
astralane-quic-fra,Albania,0,16,0.0,0.0,0.19360768053443655,indicative
astralane-quic-fra,Mexico,0,28,0.0,1.3877787807814457e-17,0.12064330476584569,inferential
astralane-quic-fra,Norway,1,8,0.125,0.022417491450056642,0.47088818221285356,indicative
astralane-quic-fra,Chile,3,12,0.25,0.08894166839405476,0.5323053349335658,indicative
astralane-quic-fra,Poland,3,40,0.075,0.025836025774588184,0.1986423352431055,inferential
astralane-quic-fra,Spain,1,8,0.125,0.022417491450056642,0.47088818221285356,indicative
astralane-quic-fra,Romania,0,16,0.0,0.0,0.19360768053443655,indicative
astralane-quic-fra,South Africa,0,4,0.0,0.0,0.4898908364545974,suppressed
astralane-quic-fra,Latvia,0,4,0.0,0.0,0.4898908364545974,suppressed
astralane-quic-fra,Argentina,4,12,0.3333333333333333,0.1381200910912131,0.6093779111272004,indicative
astralane-quic-fra,Australia,0,4,0.0,0.0,0.4898908364545974,suppressed
astralane-quic-fra,South Korea,0,8,0.0,0.0,0.32440756488388034,indicative
astralane-quic-fra,Finland,3,4,0.75,0.30064184258240184,0.9544127391902995,suppressed
blockrazor,Singapore,4,650,0.006153846153846154,0.0023956363076333056,0.015714960169457733,inferential
blockrazor,United States,31,2704,0.011464497041420118,0.008088415322819387,0.016226693158224798,inferential
blockrazor,Lithuania,1,634,0.0015772870662460567,0.0002784841790735371,0.008879683167863126,inferential
blockrazor,Germany,51,3269,0.01560110125420618,0.01188606398557046,0.020453253440099184,inferential
blockrazor,Switzerland,0,63,0.0,0.0,0.05747119958885175,inferential
blockrazor,Canada,4,545,0.007339449541284404,0.0028577628675031073,0.01871760945611488,inferential
blockrazor,Netherlands,30,2649,0.011325028312570781,0.007944347001969885,0.016120965536184764,inferential
blockrazor,United Kingdom,4,1087,0.0036798528058877645,0.001431925191658287,0.009423418382737846,inferential
blockrazor,France,4,145,0.027586206896551724,0.010778902912521014,0.06877862705605622,inferential
blockrazor,Japan,173,841,0.2057074910820452,0.1797559430925848,0.23433531055994594,inferential
blockrazor,Hong Kong S.A.R.,0,114,0.0,0.0,0.03259853415884163,inferential
blockrazor,Bulgaria,0,11,0.0,0.0,0.2588329669680318,indicative
blockrazor,Brazil,3,122,0.02459016393442623,0.00839762036022058,0.06980759843589002,inferential
blockrazor,Ireland,0,240,0.0,0.0,0.015753919941558822,inferential
blockrazor,Sweden,1,180,0.005555555555555556,0.0009813660672160097,0.030793070766379126,inferential
blockrazor,Russia,0,11,0.0,0.0,0.2588329669680318,indicative
blockrazor,Czechia,2,31,0.06451612903225806,0.01787478352191456,0.2071863673629813,inferential
blockrazor,Slovakia,1,20,0.05,0.008881448800795402,0.2361311934467421,inferential
blockrazor,United Arab Emirates,0,22,0.0,0.0,0.14865487460862095,inferential
blockrazor,Albania,0,10,0.0,0.0,0.27753279986288926,indicative
blockrazor,Mexico,0,17,0.0,0.0,0.18431813500885186,indicative
blockrazor,Norway,0,4,0.0,0.0,0.4898908364545974,suppressed
blockrazor,Chile,0,9,0.0,2.7755575615628914e-17,0.29914504841954415,indicative
blockrazor,Poland,0,22,0.0,0.0,0.14865487460862095,inferential
blockrazor,Spain,0,4,0.0,0.0,0.4898908364545974,suppressed
blockrazor,Romania,0,12,0.0,0.0,0.24249400665524096,indicative
blockrazor,South Africa,1,2,0.5,0.09453120573423068,0.9054687942657693,suppressed
blockrazor,Latvia,0,3,0.0,0.0,0.5614970317550455,suppressed
blockrazor,Argentina,0,7,0.0,2.7755575615628914e-17,0.3543304350666875,indicative
blockrazor,Australia,0,4,0.0,0.0,0.4898908364545974,suppressed
blockrazor,South Korea,0,5,0.0,0.0,0.43448246478317487,indicative
blockrazor,Finland,0,1,0.0,0.0,0.7934506856227627,suppressed
bloxroute-fra,Singapore,8,1078,0.0074211502782931356,0.0037651244850216157,0.014575325179685385,inferential
bloxroute-fra,United States,27,4412,0.006119673617407072,0.004209296412053909,0.008889330284598693,inferential
bloxroute-fra,Lithuania,3,1056,0.002840909090909091,0.0009666256068747189,0.008319158355233072,inferential
bloxroute-fra,Germany,51,5455,0.009349220898258478,0.007118284714603861,0.012270711946889161,inferential
bloxroute-fra,Switzerland,1,108,0.009259259259259259,0.0016363608538834916,0.050593455193663234,inferential
bloxroute-fra,Canada,5,888,0.00563063063063063,0.0024073957095106053,0.013112693297112902,inferential
bloxroute-fra,Netherlands,18,4389,0.004101161995898838,0.0025958119287925584,0.006473820834915241,inferential
bloxroute-fra,United Kingdom,20,1798,0.011123470522803115,0.007212217818008471,0.017119256300357294,inferential
bloxroute-fra,France,5,231,0.021645021645021644,0.009280057056677206,0.04965953091131588,inferential
bloxroute-fra,Japan,46,1393,0.033022254127781765,0.02484789821447928,0.043765084465466245,inferential
bloxroute-fra,Hong Kong S.A.R.,4,187,0.0213903743315508,0.008348990107597438,0.05369968052125065,inferential
bloxroute-fra,Bulgaria,0,16,0.0,0.0,0.19360768053443655,indicative
bloxroute-fra,Brazil,12,196,0.061224489795918366,0.03536638961149955,0.10395134247969087,inferential
bloxroute-fra,Ireland,2,385,0.005194805194805195,0.0014257608472018572,0.018740449938233053,inferential
bloxroute-fra,Sweden,0,304,0.0,8.673617379884035e-19,0.012478692231417829,inferential
bloxroute-fra,Russia,1,16,0.0625,0.011119344764642547,0.28328737570298945,indicative
bloxroute-fra,Czechia,1,56,0.017857142857142856,0.0031592103419746734,0.09445637149397579,inferential
bloxroute-fra,Slovakia,2,36,0.05555555555555555,0.015369986664161839,0.18144657208647258,inferential
bloxroute-fra,United Arab Emirates,0,40,0.0,0.0,0.08762160119728668,inferential
bloxroute-fra,Albania,0,16,0.0,0.0,0.19360768053443655,indicative
bloxroute-fra,Mexico,4,28,0.14285714285714285,0.05699005319749395,0.314898021635253,inferential
bloxroute-fra,Norway,0,8,0.0,0.0,0.32440756488388034,indicative
bloxroute-fra,Chile,0,12,0.0,0.0,0.24249400665524096,indicative
bloxroute-fra,Poland,0,40,0.0,0.0,0.08762160119728668,inferential
bloxroute-fra,Spain,0,8,0.0,0.0,0.32440756488388034,indicative
bloxroute-fra,Romania,0,16,0.0,0.0,0.19360768053443655,indicative
bloxroute-fra,South Africa,2,4,0.5,0.15003898915214947,0.8499610108478506,suppressed
bloxroute-fra,Latvia,0,4,0.0,0.0,0.4898908364545974,suppressed
bloxroute-fra,Argentina,0,12,0.0,0.0,0.24249400665524096,indicative
bloxroute-fra,Australia,0,4,0.0,0.0,0.4898908364545974,suppressed
bloxroute-fra,South Korea,0,8,0.0,0.0,0.32440756488388034,indicative
bloxroute-fra,Finland,0,4,0.0,0.0,0.4898908364545974,suppressed
bloxroute-quic-fra,Singapore,8,1078,0.0074211502782931356,0.0037651244850216157,0.014575325179685385,inferential
bloxroute-quic-fra,United States,23,4420,0.005203619909502262,0.003470022384247352,0.007796533907302219,inferential
bloxroute-quic-fra,Lithuania,5,1056,0.004734848484848485,0.002024089084276692,0.011035844272261165,inferential
bloxroute-quic-fra,Germany,29,5455,0.005316223648029331,0.003704136949528166,0.007624541358351123,inferential
bloxroute-quic-fra,Switzerland,0,108,0.0,0.0,0.034347359746557046,inferential
bloxroute-quic-fra,Canada,5,896,0.005580357142857143,0.0023858804709663752,0.01299622788269221,inferential
bloxroute-quic-fra,Netherlands,20,4392,0.004553734061930784,0.002949842964394542,0.007023551033408056,inferential
bloxroute-quic-fra,United Kingdom,23,1802,0.012763596004439512,0.008520012206786245,0.01908011768127332,inferential
bloxroute-quic-fra,France,4,231,0.017316017316017316,0.006753942965300814,0.04366926118339809,inferential
bloxroute-quic-fra,Japan,53,1393,0.03804737975592247,0.029205075615646142,0.049430519087728095,inferential
bloxroute-quic-fra,Hong Kong S.A.R.,3,187,0.016042780748663103,0.005470736530942953,0.04609803097643976,inferential
bloxroute-quic-fra,Bulgaria,0,16,0.0,0.0,0.19360768053443655,indicative
bloxroute-quic-fra,Brazil,8,196,0.04081632653061224,0.0208249653645253,0.0784610333355577,inferential
bloxroute-quic-fra,Ireland,0,385,0.0,0.0,0.009879241869796433,inferential
bloxroute-quic-fra,Sweden,1,304,0.003289473684210526,0.000580909073598302,0.01839463386682336,inferential
bloxroute-quic-fra,Russia,1,16,0.0625,0.011119344764642547,0.28328737570298945,indicative
bloxroute-quic-fra,Czechia,0,56,0.0,6.938893903907228e-18,0.06419393671876344,inferential
bloxroute-quic-fra,Slovakia,0,36,0.0,6.938893903907228e-18,0.0964186285944637,inferential
bloxroute-quic-fra,United Arab Emirates,1,42,0.023809523809523808,0.004215404134432506,0.12321201573766649,inferential
bloxroute-quic-fra,Albania,0,16,0.0,0.0,0.19360768053443655,indicative
bloxroute-quic-fra,Mexico,2,28,0.07142857142857142,0.019812064115305714,0.22645362568399058,inferential
bloxroute-quic-fra,Norway,0,8,0.0,0.0,0.32440756488388034,indicative
bloxroute-quic-fra,Chile,0,12,0.0,0.0,0.24249400665524096,indicative
bloxroute-quic-fra,Poland,0,40,0.0,0.0,0.08762160119728668,inferential
bloxroute-quic-fra,Spain,0,8,0.0,0.0,0.32440756488388034,indicative
bloxroute-quic-fra,Romania,0,16,0.0,0.0,0.19360768053443655,indicative
bloxroute-quic-fra,South Africa,0,4,0.0,0.0,0.4898908364545974,suppressed
bloxroute-quic-fra,Latvia,0,4,0.0,0.0,0.4898908364545974,suppressed
bloxroute-quic-fra,Argentina,0,12,0.0,0.0,0.24249400665524096,indicative
bloxroute-quic-fra,Australia,0,4,0.0,0.0,0.4898908364545974,suppressed
bloxroute-quic-fra,South Korea,0,8,0.0,0.0,0.32440756488388034,indicative
bloxroute-quic-fra,Finland,0,4,0.0,0.0,0.4898908364545974,suppressed
helius-dual,Singapore,16,1078,0.014842300556586271,0.009156356112153551,0.023973691297717942,inferential
helius-dual,United States,48,4410,0.010884353741496598,0.00821957453151263,0.01440050816791675,inferential
helius-dual,Lithuania,14,1056,0.013257575757575758,0.007913476041794421,0.022130129589678735,inferential
helius-dual,Germany,692,5455,0.12685609532538955,0.11828608414456154,0.135951279092677,inferential
helius-dual,Switzerland,2,108,0.018518518518518517,0.005093224344768717,0.06501904800376769,inferential
helius-dual,Canada,61,888,0.0686936936936937,0.053847807691222487,0.08725514012093427,inferential
helius-dual,Netherlands,373,4386,0.08504331965344278,0.07714674223029346,0.09366613697152966,inferential
helius-dual,United Kingdom,464,1798,0.25806451612903225,0.2383697463758989,0.27879088074752434,inferential
helius-dual,France,5,231,0.021645021645021644,0.009280057056677206,0.04965953091131588,inferential
helius-dual,Japan,149,1393,0.10696338837042355,0.09180037819674526,0.12428818139936569,inferential
helius-dual,Hong Kong S.A.R.,2,187,0.0106951871657754,0.0029379229203115136,0.03815094146560581,inferential
helius-dual,Bulgaria,0,16,0.0,0.0,0.19360768053443655,indicative
helius-dual,Brazil,7,196,0.03571428571428571,0.017405752121094072,0.07187231323121207,inferential
helius-dual,Ireland,1,385,0.0025974025974025974,0.00045865257614088797,0.014564073751474785,inferential
helius-dual,Sweden,3,304,0.009868421052631578,0.003361720027037671,0.028607524331391652,inferential
helius-dual,Russia,0,16,0.0,0.0,0.19360768053443655,indicative
helius-dual,Czechia,1,56,0.017857142857142856,0.0031592103419746734,0.09445637149397579,inferential
helius-dual,Slovakia,0,36,0.0,6.938893903907228e-18,0.0964186285944637,inferential
helius-dual,United Arab Emirates,0,38,0.0,6.938893903907228e-18,0.09180986822558401,inferential
helius-dual,Albania,0,16,0.0,0.0,0.19360768053443655,indicative
helius-dual,Mexico,2,28,0.07142857142857142,0.019812064115305714,0.22645362568399058,inferential
helius-dual,Norway,0,8,0.0,0.0,0.32440756488388034,indicative
helius-dual,Chile,0,12,0.0,0.0,0.24249400665524096,indicative
helius-dual,Poland,0,40,0.0,0.0,0.08762160119728668,inferential
helius-dual,Spain,0,8,0.0,0.0,0.32440756488388034,indicative
helius-dual,Romania,1,16,0.0625,0.011119344764642547,0.28328737570298945,indicative
helius-dual,South Africa,0,4,0.0,0.0,0.4898908364545974,suppressed
helius-dual,Latvia,2,4,0.5,0.15003898915214947,0.8499610108478506,suppressed
helius-dual,Argentina,0,12,0.0,0.0,0.24249400665524096,indicative
helius-dual,Australia,1,4,0.25,0.0455872608097006,0.6993581574175982,suppressed
helius-dual,South Korea,0,8,0.0,0.0,0.32440756488388034,indicative
helius-dual,Finland,0,4,0.0,0.0,0.4898908364545974,suppressed
helius-fra,Singapore,7,1078,0.006493506493506494,0.003148959102889008,0.013342790843672429,inferential
helius-fra,United States,48,4410,0.010884353741496598,0.00821957453151263,0.01440050816791675,inferential
helius-fra,Lithuania,5,1056,0.004734848484848485,0.002024089084276692,0.011035844272261165,inferential
helius-fra,Germany,47,5455,0.008615948670944088,0.006485759460215641,0.011437724773347615,inferential
helius-fra,Switzerland,0,108,0.0,0.0,0.034347359746557046,inferential
helius-fra,Canada,6,888,0.006756756756756757,0.0031002535553141825,0.014662386501408135,inferential
helius-fra,Netherlands,31,4386,0.007067943456452348,0.004983873303466207,0.010014722759358819,inferential
helius-fra,United Kingdom,11,1798,0.006117908787541713,0.003419575808340949,0.010922118181543917,inferential
helius-fra,France,2,231,0.008658008658008658,0.0023775582597363107,0.03101287825037423,inferential
helius-fra,Japan,125,1393,0.08973438621679827,0.07583244579176888,0.10589287258115788,inferential
helius-fra,Hong Kong S.A.R.,3,187,0.016042780748663103,0.005470736530942953,0.04609803097643976,inferential
helius-fra,Bulgaria,0,16,0.0,0.0,0.19360768053443655,indicative
helius-fra,Brazil,7,196,0.03571428571428571,0.017405752121094072,0.07187231323121207,inferential
helius-fra,Ireland,0,385,0.0,0.0,0.009879241869796433,inferential
helius-fra,Sweden,1,304,0.003289473684210526,0.000580909073598302,0.01839463386682336,inferential
helius-fra,Russia,1,16,0.0625,0.011119344764642547,0.28328737570298945,indicative
helius-fra,Czechia,0,56,0.0,6.938893903907228e-18,0.06419393671876344,inferential
helius-fra,Slovakia,0,36,0.0,6.938893903907228e-18,0.0964186285944637,inferential
helius-fra,United Arab Emirates,0,38,0.0,6.938893903907228e-18,0.09180986822558401,inferential
helius-fra,Albania,0,16,0.0,0.0,0.19360768053443655,indicative
helius-fra,Mexico,0,28,0.0,1.3877787807814457e-17,0.12064330476584569,inferential
helius-fra,Norway,0,8,0.0,0.0,0.32440756488388034,indicative
helius-fra,Chile,0,12,0.0,0.0,0.24249400665524096,indicative
helius-fra,Poland,0,40,0.0,0.0,0.08762160119728668,inferential
helius-fra,Spain,0,8,0.0,0.0,0.32440756488388034,indicative
helius-fra,Romania,0,16,0.0,0.0,0.19360768053443655,indicative
helius-fra,South Africa,0,4,0.0,0.0,0.4898908364545974,suppressed
helius-fra,Latvia,0,4,0.0,0.0,0.4898908364545974,suppressed
helius-fra,Argentina,0,12,0.0,0.0,0.24249400665524096,indicative
helius-fra,Australia,0,4,0.0,0.0,0.4898908364545974,suppressed
helius-fra,South Korea,0,8,0.0,0.0,0.32440756488388034,indicative
helius-fra,Finland,0,4,0.0,0.0,0.4898908364545974,suppressed
jito-multi,Singapore,0,251,0.0,8.673617379884035e-19,0.015073916302594113,inferential
jito-multi,United States,0,1093,0.0,0.0,0.0035022917759002293,inferential
jito-multi,Lithuania,0,239,0.0,0.0,0.015818793213273067,inferential
jito-multi,Germany,1,1318,0.0007587253414264037,0.00013394621096333515,0.004285236423772373,inferential
jito-multi,Switzerland,0,27,0.0,0.0,0.12455502974186713,inferential
jito-multi,Canada,0,202,0.0,1.734723475976807e-18,0.01866222112252116,inferential
jito-multi,Netherlands,1,1031,0.0009699321047526673,0.00017123735646398103,0.005473548877121072,inferential
jito-multi,United Kingdom,0,435,0.0,0.0,0.008753636976363497,inferential
jito-multi,France,0,57,0.0,0.0,0.06313883485297896,inferential
jito-multi,Japan,0,319,0.0,0.0,0.01189890181616256,inferential
jito-multi,Hong Kong S.A.R.,0,47,0.0,0.0,0.07555760416399634,inferential
jito-multi,Bulgaria,0,4,0.0,0.0,0.4898908364545974,suppressed
jito-multi,Brazil,0,51,0.0,0.0,0.07004661989853146,inferential
jito-multi,Ireland,0,83,0.0,0.0,0.04423530964197387,inferential
jito-multi,Sweden,0,71,0.0,0.0,0.05132795219689037,inferential
jito-multi,Russia,0,5,0.0,0.0,0.43448246478317487,indicative
jito-multi,Czechia,0,12,0.0,0.0,0.24249400665524096,indicative
jito-multi,Slovakia,0,7,0.0,2.7755575615628914e-17,0.3543304350666875,indicative
jito-multi,United Arab Emirates,0,7,0.0,2.7755575615628914e-17,0.3543304350666875,indicative
jito-multi,Albania,0,3,0.0,0.0,0.5614970317550455,suppressed
jito-multi,Mexico,0,5,0.0,0.0,0.43448246478317487,indicative
jito-multi,Norway,0,3,0.0,0.0,0.5614970317550455,suppressed
jito-multi,Chile,0,1,0.0,0.0,0.7934506856227627,suppressed
jito-multi,Poland,0,7,0.0,2.7755575615628914e-17,0.3543304350666875,indicative
jito-multi,Spain,0,1,0.0,0.0,0.7934506856227627,suppressed
jito-multi,Romania,0,4,0.0,0.0,0.4898908364545974,suppressed
jito-multi,South Africa,0,2,0.0,0.0,0.657619772493347,suppressed
jito-multi,Latvia,0,2,0.0,0.0,0.657619772493347,suppressed
jito-multi,Argentina,0,2,0.0,0.0,0.657619772493347,suppressed
jito-multi,Australia,0,0,,0.0,0.0,suppressed
jito-multi,South Korea,0,2,0.0,0.0,0.657619772493347,suppressed
jito-multi,Finland,0,0,,0.0,0.0,suppressed
nextblock-quic-fra,Singapore,44,1078,0.04081632653061224,0.030544063024190247,0.05434957649375696,inferential
nextblock-quic-fra,United States,147,4420,0.0332579185520362,0.028363836167553065,0.03896259530453965,inferential
nextblock-quic-fra,Lithuania,12,1056,0.011363636363636364,0.0065122739777625826,0.01975718225928051,inferential
nextblock-quic-fra,Germany,422,5455,0.0773602199816682,0.07056423032505131,0.08475104402692786,inferential
nextblock-quic-fra,Switzerland,1,108,0.009259259259259259,0.0016363608538834916,0.050593455193663234,inferential
nextblock-quic-fra,Canada,11,896,0.012276785714285714,0.006868779418647706,0.021849011440378936,inferential
nextblock-quic-fra,Netherlands,282,4392,0.06420765027322405,0.05733228363171412,0.07184468149319127,inferential
nextblock-quic-fra,United Kingdom,50,1802,0.02774694783573807,0.02110982309758502,0.036393264071821224,inferential
nextblock-quic-fra,France,25,231,0.10822510822510822,0.074387046986929,0.15488021736694768,inferential
nextblock-quic-fra,Japan,8,1393,0.00574300071787509,0.0029129000973380304,0.011291617312565883,inferential
nextblock-quic-fra,Hong Kong S.A.R.,5,187,0.026737967914438502,0.011473760074718401,0.06105481367559509,inferential
nextblock-quic-fra,Bulgaria,0,16,0.0,0.0,0.19360768053443655,indicative
nextblock-quic-fra,Brazil,0,196,0.0,0.0,0.019222531917868154,inferential
nextblock-quic-fra,Ireland,9,385,0.023376623376623377,0.012346295739932619,0.04382430625023698,inferential
nextblock-quic-fra,Sweden,2,304,0.006578947368421052,0.0018060426317108094,0.023666351017714683,inferential
nextblock-quic-fra,Russia,0,16,0.0,0.0,0.19360768053443655,indicative
nextblock-quic-fra,Czechia,12,56,0.21428571428571427,0.1270590424909565,0.3381946356340512,inferential
nextblock-quic-fra,Slovakia,0,36,0.0,6.938893903907228e-18,0.0964186285944637,inferential
nextblock-quic-fra,United Arab Emirates,0,42,0.0,0.0,0.08379879086570395,inferential
nextblock-quic-fra,Albania,1,16,0.0625,0.011119344764642547,0.28328737570298945,indicative
nextblock-quic-fra,Mexico,1,28,0.03571428571428571,0.0063325198490377654,0.17712197743353322,inferential
nextblock-quic-fra,Norway,0,8,0.0,0.0,0.32440756488388034,indicative
nextblock-quic-fra,Chile,0,12,0.0,0.0,0.24249400665524096,indicative
nextblock-quic-fra,Poland,4,40,0.1,0.03957952868260635,0.23051775227522303,inferential
nextblock-quic-fra,Spain,0,8,0.0,0.0,0.32440756488388034,indicative
nextblock-quic-fra,Romania,1,16,0.0625,0.011119344764642547,0.28328737570298945,indicative
nextblock-quic-fra,South Africa,0,4,0.0,0.0,0.4898908364545974,suppressed
nextblock-quic-fra,Latvia,0,4,0.0,0.0,0.4898908364545974,suppressed
nextblock-quic-fra,Argentina,0,12,0.0,0.0,0.24249400665524096,indicative
nextblock-quic-fra,Australia,0,4,0.0,0.0,0.4898908364545974,suppressed
nextblock-quic-fra,South Korea,0,8,0.0,0.0,0.32440756488388034,indicative
nextblock-quic-fra,Finland,0,4,0.0,0.0,0.4898908364545974,suppressed
nozomi-fra,Singapore,27,398,0.0678391959798995,0.04703877314664075,0.09690222037464648,inferential
nozomi-fra,United States,274,1738,0.15765247410817032,0.14127730202945238,0.17553767330952935,inferential
nozomi-fra,Lithuania,5,391,0.01278772378516624,0.00547418592176554,0.029581552302978043,inferential
nozomi-fra,Germany,124,2085,0.05947242206235012,0.05010790627741357,0.07045723175985869,inferential
nozomi-fra,Switzerland,0,40,0.0,0.0,0.08762160119728668,inferential
nozomi-fra,Canada,19,338,0.05621301775147929,0.036279064787698406,0.0861211231972271,inferential
nozomi-fra,Netherlands,284,1665,0.17057057057057057,0.15326689279937955,0.18939085686174906,inferential
nozomi-fra,United Kingdom,124,712,0.17415730337078653,0.1480691937081589,0.20374258768207776,inferential
nozomi-fra,France,7,93,0.07526881720430108,0.03693668398168047,0.1472970010325892,inferential
nozomi-fra,Japan,102,519,0.19653179190751446,0.16462705146353285,0.23289585976369703,inferential
nozomi-fra,Hong Kong S.A.R.,11,72,0.1527777777777778,0.08750708729475692,0.25322289367500544,inferential
nozomi-fra,Bulgaria,0,7,0.0,2.7755575615628914e-17,0.3543304350666875,indicative
nozomi-fra,Brazil,6,80,0.075,0.03482524929300512,0.1541201608121929,inferential
nozomi-fra,Ireland,48,157,0.3057324840764331,0.2390207156600947,0.3817238333681336,inferential
nozomi-fra,Sweden,3,117,0.02564102564102564,0.008758055703820156,0.0726830235146705,inferential
nozomi-fra,Russia,0,6,0.0,0.0,0.39033428790216546,indicative
nozomi-fra,Czechia,1,18,0.05555555555555555,0.009875190978303083,0.257573007818726,indicative
nozomi-fra,Slovakia,0,14,0.0,2.7755575615628914e-17,0.21531080273763586,indicative
nozomi-fra,United Arab Emirates,0,15,0.0,0.0,0.20388330103584867,indicative
nozomi-fra,Albania,0,4,0.0,0.0,0.4898908364545974,suppressed
nozomi-fra,Mexico,2,10,0.2,0.056682151454375246,0.5098375284633583,indicative
nozomi-fra,Norway,0,3,0.0,0.0,0.5614970317550455,suppressed
nozomi-fra,Chile,0,4,0.0,0.0,0.4898908364545974,suppressed
nozomi-fra,Poland,1,12,0.08333333333333333,0.014865094404917095,0.35387991114111705,indicative
nozomi-fra,Spain,0,4,0.0,0.0,0.4898908364545974,suppressed
nozomi-fra,Romania,0,8,0.0,0.0,0.32440756488388034,indicative
nozomi-fra,South Africa,0,1,0.0,0.0,0.7934506856227627,suppressed
nozomi-fra,Latvia,0,2,0.0,0.0,0.657619772493347,suppressed
nozomi-fra,Argentina,0,3,0.0,0.0,0.5614970317550455,suppressed
nozomi-fra,Australia,1,1,1.0,0.2065493143772374,1.0,suppressed
nozomi-fra,South Korea,0,3,0.0,0.0,0.5614970317550455,suppressed
nozomi-fra,Finland,0,1,0.0,0.0,0.7934506856227627,suppressed
syncro-fra,Singapore,4,1078,0.0037105751391465678,0.0014438876467308074,0.009501763145393945,inferential
syncro-fra,United States,20,4420,0.004524886877828055,0.0029311444265128633,0.006979124562281634,inferential
syncro-fra,Lithuania,2,1056,0.001893939393939394,0.0005195402371961345,0.0068791690276966255,inferential
syncro-fra,Germany,13,5455,0.002383134738771769,0.0013932872501069304,0.004073341346053281,inferential
syncro-fra,Switzerland,0,108,0.0,0.0,0.034347359746557046,inferential
syncro-fra,Canada,0,896,0.0,4.336808689942018e-19,0.0042690395991852054,inferential
syncro-fra,Netherlands,208,4392,0.04735883424408015,0.04146291786500854,0.05404586304842508,inferential
syncro-fra,United Kingdom,3,1802,0.001664816870144284,0.0005663459273055056,0.004883445233830587,inferential
syncro-fra,France,0,231,0.0,0.0,0.016357668871522183,inferential
syncro-fra,Japan,6,1393,0.004307250538406317,0.001975501468298141,0.009365412506340423,inferential
syncro-fra,Hong Kong S.A.R.,0,187,0.0,1.734723475976807e-18,0.02012905814298656,inferential
syncro-fra,Bulgaria,0,16,0.0,0.0,0.19360768053443655,indicative
syncro-fra,Brazil,14,196,0.07142857142857142,0.04302212376790964,0.11631147501883449,inferential
syncro-fra,Ireland,0,385,0.0,0.0,0.009879241869796433,inferential
syncro-fra,Sweden,0,304,0.0,8.673617379884035e-19,0.012478692231417829,inferential
syncro-fra,Russia,0,16,0.0,0.0,0.19360768053443655,indicative
syncro-fra,Czechia,1,56,0.017857142857142856,0.0031592103419746734,0.09445637149397579,inferential
syncro-fra,Slovakia,0,36,0.0,6.938893903907228e-18,0.0964186285944637,inferential
syncro-fra,United Arab Emirates,0,42,0.0,0.0,0.08379879086570395,inferential
syncro-fra,Albania,0,16,0.0,0.0,0.19360768053443655,indicative
syncro-fra,Mexico,0,28,0.0,1.3877787807814457e-17,0.12064330476584569,inferential
syncro-fra,Norway,1,8,0.125,0.022417491450056642,0.47088818221285356,indicative
syncro-fra,Chile,0,12,0.0,0.0,0.24249400665524096,indicative
syncro-fra,Poland,0,40,0.0,0.0,0.08762160119728668,inferential
syncro-fra,Spain,0,8,0.0,0.0,0.32440756488388034,indicative
syncro-fra,Romania,0,16,0.0,0.0,0.19360768053443655,indicative
syncro-fra,South Africa,0,4,0.0,0.0,0.4898908364545974,suppressed
syncro-fra,Latvia,0,4,0.0,0.0,0.4898908364545974,suppressed
syncro-fra,Argentina,0,12,0.0,0.0,0.24249400665524096,indicative
syncro-fra,Australia,0,4,0.0,0.0,0.4898908364545974,suppressed
syncro-fra,South Korea,0,8,0.0,0.0,0.32440756488388034,indicative
syncro-fra,Finland,0,4,0.0,0.0,0.4898908364545974,suppressed
triton-fra,Singapore,297,1078,0.2755102040816326,0.24967275432489267,0.3029419138838816,inferential
triton-fra,United States,884,4420,0.2,0.18847049144488826,0.2120505207373682,inferential
triton-fra,Lithuania,375,1056,0.35511363636363635,0.3268233596373234,0.38445421168877664,inferential
triton-fra,Germany,511,5455,0.09367552703941338,0.08622665150296109,0.10169627437045543,inferential
triton-fra,Switzerland,46,108,0.42592592592592593,0.3367922043795637,0.5201481452125188,inferential
triton-fra,Canada,31,896,0.03459821428571429,0.024479728345974325,0.04869033753094583,inferential
triton-fra,Netherlands,587,4391,0.13368253245274425,0.12393637135168305,0.1440690777315143,inferential
triton-fra,United Kingdom,173,1802,0.09600443951165372,0.08324926142528766,0.11047840891469796,inferential
triton-fra,France,30,231,0.12987012987012986,0.09250643255045671,0.17934275089989082,inferential
triton-fra,Japan,163,1393,0.11701363962670495,0.10117742668007873,0.13495635696288966,inferential
triton-fra,Hong Kong S.A.R.,19,187,0.10160427807486631,0.06601504103570478,0.1532321764151241,inferential
triton-fra,Bulgaria,10,16,0.625,0.38641040545502714,0.8151876744113636,indicative
triton-fra,Brazil,12,196,0.061224489795918366,0.03536638961149955,0.10395134247969087,inferential
triton-fra,Ireland,77,385,0.2,0.16309570705782728,0.24283183806405062,inferential
triton-fra,Sweden,42,304,0.13815789473684212,0.1038630371513907,0.18148338485818807,inferential
triton-fra,Russia,2,16,0.125,0.03497748774324044,0.36022827265758695,indicative
triton-fra,Czechia,7,56,0.125,0.06189068695717119,0.2362547655819014,inferential
triton-fra,Slovakia,20,36,0.5555555555555556,0.3958106175569729,0.7045873125991979,inferential
triton-fra,United Arab Emirates,3,42,0.07142857142857142,0.02459040987330592,0.1900942680115832,inferential
triton-fra,Albania,5,16,0.3125,0.14164643854782027,0.5559564416525933,indicative
triton-fra,Mexico,2,28,0.07142857142857142,0.019812064115305714,0.22645362568399058,inferential
triton-fra,Norway,5,8,0.625,0.3057423946026273,0.8631557141764027,indicative
triton-fra,Chile,0,12,0.0,0.0,0.24249400665524096,indicative
triton-fra,Poland,16,40,0.4,0.2634832568429192,0.5540410633965382,inferential
triton-fra,Spain,2,8,0.25,0.071479212752109,0.5907245696898311,indicative
triton-fra,Romania,3,16,0.1875,0.06591599071428139,0.43008880961974144,indicative
triton-fra,South Africa,0,4,0.0,0.0,0.4898908364545974,suppressed
triton-fra,Latvia,0,4,0.0,0.0,0.4898908364545974,suppressed
triton-fra,Argentina,1,12,0.08333333333333333,0.014865094404917095,0.35387991114111705,indicative
triton-fra,Australia,1,4,0.25,0.0455872608097006,0.6993581574175982,suppressed
triton-fra,South Korea,0,8,0.0,0.0,0.32440756488388034,indicative
triton-fra,Finland,0,4,0.0,0.0,0.4898908364545974,suppressed
